【INFLUFECT通常のお問い合わせ】,,,※【お問い合わせいただいた内容について】はLINE用、メールの場合こちらは削除し「〇〇様」と宛名を記載する,,,,
お問い合わせ内容,,,対応手順,備考・補足,送付文言①,送付文言②,スレッド記載例
⭐INFLUFECTアプリに関連するお問い合わせの場合は、一部ヘルプページ誘導となります。,,,"■INFLUFECTアプリに関する内容かつ以下場合はヘルプページへ誘導してください（確実に判断できない場合はLINEにて対応）
　※テンプレ文言のみでヘルプページを案内した場合は、スレッドのみ作成／Notionは作成不要
・案件に関わりのない内容（案件概要・応募・合否・振込先確認のためのアプリ登録やSNS連携、振込明細についてなどはLINEにて対応）
・ユーザー登録が完了しており、アプリログインできている場合（ログインできていなければヘルプページが開けずログイン画面となる　※参考動画）
　※SNS登録に関してお問い合わせの場合はユーザー登録完了している（ユーザ登録しないとSNSアカウント登録できない）
　※ユーザー登録が完了してもSNS登録をしていない場合管理画面へは表示されないため管理画面での判断はできない
　※スクショで「応募」「マイページ」などのタブが表示されている場合はユーザー登録済みと判断してOK     ",,,"【お問い合わせいただいた内容について】

いつも大変お世話になっております。
INFLUFECT運営事務局です。

お問い合わせありがとうございます。

INFLUFECTについてのお問い合わせ（※案件についてを除く）につきましては、恐れ入りますがヘルプページにて対応を行っております。

お手数ですが、下記のいずれかにてご連絡いただけますと幸いです。
■INFLUFECTアプリ内＞マイページ＞お問い合わせ＞ヘルプセンター＞ログイン後右上三本線≡＞リクエストを送信
■https://if.support.influfect.com/hc/ja/requests/new

ご確認のほどよろしくお願いいたします。",
ログインできない,INFLUFECTに登録がある,,"①原因がわからない場合
②ログインするメールアドレスが違う場合",,"【お問い合わせいただいた内容について】

いつも大変お世話になっております。
INFLUFECT運営事務局です。

お問い合わせありがとうございます。
ログインができない件につきまして、下記事項についてご確認をお願いいたします。

①アプリへログインされる際は下記のご登録メールアドレスでログインをお試しされていらっしゃいますでしょうか？
～～～～@～～～
※メールアドレス入力の際にアドレスの文頭に半角のスペース等は入っていないかご確認ください。

②下記アプリの最新バージョンをご利用いただいているでしょうか？
※バージョンはAppleStoreよりご確認いただけます。
App Store：https://x.gd/gk35j
Google Play： https://x.gd/VW9B8

上記ご確認後もログインできない場合は、どのようなエラーでログインができないかを画面録画やスクリーンショットで共有いただけますと幸いです。

よろしくお願いいたします。","【お問い合わせいただいた内容について】

いつも大変お世話になっております。
INFLUFECT運営事務局です。

お問い合わせありがとうございます。

ご登録情報を確認したところメールアドレスは下記でご登録いただいております。
～～～～@～～～

上記にてログインをお試しいただけますでしょうか？

よろしくお願いいたします。",
,SPIRITやLIW登録情報でログインできない,,SPIRIT登録がある場合はSPIRITのメールアドレスにてログインしていただいてるか確認する,,"【お問い合わせいただいた内容について】

いつも大変お世話になっております。
INFLUFECT運営事務局です。

お問い合わせありがとうございます。

INFLUFECT(インフルフェクト)アプリにつきまして、下記のご登録メールアドレスでログイン・パスワード再発行をお試しされていらっしゃいますでしょうか？
～～～～@～～～
※メールアドレス入力の際にアドレスの文頭に半角のスペース等は入っていないかご確認ください。

上記ご確認後もログインできない場合は、どのようなエラーでログインができないかを画面録画やスクリーンショットで共有いただけますと幸いです。

よろしくお願いいたします。",,
,,,SPIRITやEPで棄却歴があった場合,※棄却リスト　（各年を確認）,"【お問い合わせいただいた内容について】

いつも大変お世話になっております。
INFLUFECT運営事務局です。

お問い合わせありがとうございます。

確認したところ、以前SPIRITへご登録申請いただいた際にご登録をお見送りとさせていただいておりました。

（参考）Q.審査の条件を教えてください。
https://x.gd/PoVWD

なお、ご登録がお見送りとなった理由につきましては、大変恐れ入りますがサービスのルール上お伝えできかねます。

再審査をご希望の場合、同じメールアドレスからの再登録（再審査）は不可となりますので、
ご希望の場合はご連絡いただけますと幸いです。

ご希望に沿えず恐縮ですが、ご理解の程よろしくお願いいたします。","＊棄却歴がEPの場合は赤字を下記へ変更 
確認したところ、弊社姉妹サービスのEMERALD POSTに以前ご登録申請いただいており、その際にご登録をお見送りとさせていただいておりました。",
,パスワードがわからない/変更したい,,"アプリからの再発行手続きをお願いする
※メールアドレスが使えない場合は↓へ",,"【お問い合わせいただいた内容について】

いつも大変お世話になっております。
INFLUFECT運営事務局です。

お問い合わせありがとうございます。

アプリログイン画面の「パスワードをお忘れの方」をクリックすると
登録されているメールアドレスに自動的にメールが送信されます。
メールに記載されているURLより再発行が可能です。

※INFLUFECTアプリ
App Store：https://x.gd/gk35j
Google Play： https://x.gd/VW9B8

またご不明点等ございましたらお気軽にお申し付け下さいませ。
いつもご利用いただき誠に有難うございます。",,
,メールアドレスが使えないためパスワード再発行ができない,,"①新しいメールアドレスをヒアリング→リデルさんへ変更依頼
②変更完了後、文言②を送付する",,"【お問い合わせいただいた内容について】

いつも大変お世話になっております。
INFLUFECT運営事務局です。

ご連絡ありがとうございます。

現在ご登録のメールアドレスがご利用いただけないとのこと承知いたしました。

システムにてメールアドレスを変更いたしますので、新しく登録ご希望のメールアドレスをお伺いしてもよろしいでしょうか？

ご返信お待ちしております。","【お問い合わせいただいた内容について】

いつも大変お世話になっております。
INFLUFECT運営事務局です。

ご連絡ありがとうございます。
システムにてメールアドレスの変更を行いました。

①【xxx@xxxx.xxx】宛にメールアドレス認証のメールをお送りしておりますので、認証処理をお願いいたします。

②認証後、ログイン画面にて 「パスワードをお忘れの方 」からパスワードの再設定をお願いいたします。

③新しいパスワードにてINFLUFECTへのログインをお試しください。

※INFLUFECTアプリ
App Store：https://x.gd/gk35j
Google Play： https://x.gd/VW9B8

ご不明な点がございましたらお知らせください。
よろしくお願いいたします。",
,パスワード再発行メールが届かない,,"①メールアドレス/迷惑メールフォルダなど確認いただく
②システムにて確認いただき再発行メールが送付済み＆原因不明の場合、メールアドレス変更をご提案する（システム対応）",,"【お問い合わせいただいた内容について】

いつも大変お世話になっております。
INFLUFECT運営事務局です。

お問い合わせありがとうございます。
この度はご不便をおかけしており申し訳ございません。

①パスワード再発行の際は、INFLUFECTにご登録の下記のメールアドレスを入力いただいているでしょうか？
～～～～@～～～

※メールアドレスの大文字小文字・半角全角・スペースなどに注意して入力をお願いいたします。

②下記URLのINFLUFECT最新アプリをご利用いただいているでしょうか？
App Store：https://x.gd/gk35j
Google Play： https://x.gd/VW9B8     

③再発行メールは＜no-reply@liddell.tokyo＞から届きますが、迷惑メールフォルダ等に振り分けられている、または受信拒否設定されていないでしょうか？

上記3点ご確認後もパスワード再発行ができない場合は、お手数ですが再度ご連絡いただけますと幸いです。
どうぞよろしくお願いいたします。","【お問い合わせいただいた内容について】

いつも大変お世話になっております。
INFLUFECT運営事務局です。

お問い合わせありがとうございます。

システム上で確認したところ、メールは正常に飛んでいるため原因がわかりかねる状況です。

メールアドレス変更が可能か確認いたしますので、他にご利用可能なメールアドレスがありましたらご連絡いただけますでしょうか。

よろしくお願いいたします。",
,メールアドレスがわからない/変更したい,,正しいメールアドレスをお伝えする,,"【お問い合わせいただいた内容について】

いつも大変お世話になっております。
INFLUFECT運営事務局です。

お問い合わせありがとうございます。

システムで調べたところ、メールアドレスは「～～～～～@~~~」でご登録でした。
こちらのアドレスでログインお試しいただいてもよろしいでしょうか？

また、メールアドレスはログイン後マイページより変更できますので、よろしくお願いいたします。

またご不明点等ございましたらお気軽にお申し付けくださいませ。
いつもご利用いただき誠に有難うございます。",,
,「認証メールが送信されています。登録したメールアドレスからご確認ください」と表示される,,認証メールは送信されない。パスワード再発行いただくとメール認証も同時に行われる,※認証メールは「アカウントを登録したタイミング」でのみ送信される,"【お問い合わせいただいた内容について】

いつも大変お世話になっております。
INFLUFECT運営事務局です。

お問い合わせありがとうございます。

お手数ですが、アプリログイン画面の「パスワードをお忘れですか？」よりパスワードの再発行をお試しいただけますでしょうか？

パスワード再設定を実施いただくとメールアドレス認証も同時に行われますので、ご確認いただけますと幸いです。

またご不明点などございましたらお気軽にご連絡くださいませ。",,
メール認証,認証メールが届かない,,,※認証されているかシステムで調べていただくことも可能,"【お問い合わせいただいた内容について】

いつも大変お世話になっております。
INFLUFECT運営事務局です。

お問い合わせありがとうございます。
この度はご不便をおかけしており申し訳ございません。

下記２点についてご確認いただけますでしょうか？

①アプリは下記URLのINFLUFECT最新バージョンをご利用いただいているでしょうか？
App Store：https://x.gd/gk35j
Google Play： https://x.gd/VW9B8

②認証メールは＜no-reply@liddell.tokyo＞から届きますが、迷惑メールフォルダ等に振り分けられている、または受信拒否設定されていないでしょうか？
件名：【LIDDELL INFLUENCER WORKSPACE】メールアドレスを認証してください

どうぞよろしくお願いいたします。",,
,認証ができない,,①メールアドレスをヒアリング→システムにて認証状況を調べていただき、認証済みであれば②ログイン・登録に進んでいただく,「多要素認証を登録してください」というエラー表示→「メール認証」ボタンを押すと発生するエラーで、詳細は不明だがYahooアカウントの設定に関連するものと思われる,"【お問い合わせいただいた内容について】

いつも大変お世話になっております。
INFLUFECT運営事務局です。

お問い合わせありがとうございます。

確認いたしますので、認証に使用されておりますメールアドレスをお伺いできますでしょうか。
ご確認のほどよろしくお願いいたします。","【お問い合わせいただいた内容について】

いつも大変お世話になっております。
INFLUFECT運営事務局です。

お問い合わせありがとうございます。

システムにて確認したところメール認証についてはすでに完了しておりました。
INFLUFECTアプリにてログインし、登録へお進みいただけますでしょうか？

よろしくお願いいたします。",
SNSアカウント,SNSアカウント名/IDを変更したい,,管理画面にてAPI連携「済」「-」の場合は赤字削除して送付,※Xに関してはAPI連携がないため「-」と表示される,"【お問い合わせいただいた内容について】

いつも大変お世話になっております。
INFLUFECT運営事務局です。

お問い合わせありがとうございます。

SNSアカウント名やIDにつきまして、認証が完了している場合は一定期間ごとに自動で変更が反映いたします。

確認したところ、連携が解除されておりますので「マイページ＞SNSアカウント」より再連携いただけますと幸いです。

別アカウントの登録をご希望の場合は、以下の手順にて追加申請をお願いいたします。
Q.登録できるSNSの種類と登録方法を教えてください。
https://x.gd/fCexx

お手数おかけいたしますが、よろしくお願いいたします。",,
,フォロワー数を更新したい,,管理画面にてAPI連携「済」「-」の場合は赤字削除して送付,,"【お問い合わせいただいた内容について】

いつも大変お世話になっております。
INFLUFECT運営事務局です。

お問い合わせありがとうございます。

フォロワー数につきまして、認証が完了している場合は一定期間ごとに自動で反映いたします。

確認したところ、連携が解除されておりますので「マイページ＞SNSアカウント」より再連携いただけますと幸いです。

お手数おかけいたしますが、よろしくお願いいたします。",,
,Youtubeアカウントの登録がうまくできない,,"URLはブラウザから取得していただく必要あり
※Youtubeアプリから取得できる「チャンネルを共有」のURLはNG",,"【お問い合わせいただいた内容について】

いつも大変お世話になっております。
INFLUFECT運営事務局です。

お問い合わせありがとうございます。

Youtubeアカウントの登録方法につきまして、下記URLより手順をご確認いただけますでしょうか。

Q. Youtubeのアカウント登録方法を教えてください。（URL取得方法）
https://x.gd/bFt9J

ご確認後も登録がうまくいかない場合は、どのようなエラーで登録ができないかスクリーンショットや画面録画にてご共有いただけますと幸いです。

どうぞよろしくお願いいたします。",,
,"SNS連携は完了しているが、審査中にならない
（アカウントは「追加済み」となっている）",,SNSアカウントのプロフィール登録＆申請ボタン押下しているか確認する,※連携ができていない場合はFacebook認証のシートに沿って対応してください,"【お問い合わせいただいた内容について】

いつも大変お世話になっております。
INFLUFECT運営事務局です。

お問い合わせありがとうございます。

SNSアカウント「プロフィール登録」が完了しているかご確認いただけますでしょうか。

◆マイページ＞SNSアカウント＞該当のSNSアカウントをタップ
「SNSアカウント詳細」の画面になったら内容入力後、下にスクロールし「この内容で申請する」をタップ
※参考：https://x.gd/fCexx　（手順2をご確認ください）

まだの場合はご入力いただいた後、審査中となっているかご確認いただけますと幸いです。

再度同じ状態となる場合は恐れ入りますが確認のため、上記設定時の画面録画をご共有いただけますでしょうか。

よろしくお願いいたします。",,
,Facebook認証せずにInstagramアカウントを登録/連携したい,,,,"【お問い合わせいただいた内容について】

いつも大変お世話になっております。
INFLUFECT運営事務局です。

お問い合わせありがとうございます。

恐れ入りますが、Facebookアカウント・Facebookページがない場合INFLUFECTにInstagramアカウントを連携することができません。
お手数ですが、アカウントを作成し連携いただくようお願いいたします。

（参考）Q.登録できるSNSの種類と登録方法を教えてください
https://x.gd/9dLlG

ご不明点などございましたらお気軽にご連絡くださいませ。
よろしくお願いいたします。",,
,連携したいXアカウントが出てこない,,スクロールし”X”をタップして切り替え　or　ブラウザ（SafariやChrome）でXを開き、アカウントを切り替え（参考動画）,"SNS審査申請＞X＞Xを連携する
　ログインできていた場合（ブラウザなどで既にログインしていた）
　　└そのまま認証画面に遷移
　ログインできていなかった場合
　　└そのままXのログイン画面へ遷移","【お問い合わせいただいた内容について】

いつも大変お世話になっております。
INFLUFECT運営事務局です。

お問い合わせありがとうございます。

Xアカウントにつきまして、以下のいずれかの方法で変更が可能ですのでお試しいただけますでしょうか。

①「InflufectがXアカウントへのアクセスを求めています」の画面にて最下部までスクロールし""X""の文字をタップ ＞ アプリ内ブラウザにてXが開けるためそこでログインや別アカウントへの切り替えを行う

②ブラウザ（SafariやChrome）やアプリでXを開き、ログインアカウントを切り替える

ご確認のほどよろしくお願いいたします。
ご不明点などございましたらお気軽にご連絡くださいませ。",,
登録情報,住所を変更したい/引っ越しました,,アプリから変更いただく,,"【お問い合わせいただいた内容について】

いつも大変お世話になっております。
INFLUFECT運営事務局です。

お問い合わせありがとうございます。

住所につきまして、アプリ画面右下のマイページより以下の通りご変更をお願いいたします。

①お届け先住所＞修正し保存する
②SNSアカウント＞アカウントをタップ＞「居住地」を現在お住まいの地域へ変更＞変更を保存

またご不明点等ございましたらお気軽にお申し付け下さいませ。
いつもご利用いただき誠に有難うございます。",,
,生年月日を変更したい/間違っている,,アプリから変更いただく,,"【お問い合わせいただいた内容について】

いつも大変お世話になっております。
INFLUFECT運営事務局です。

お問い合わせありがとうございます。

生年月日につきまして、アプリ画面右下のマイページより以下の通りご変更をお願いいたします。

①プロフィール＞修正し保存する
②SNSアカウント＞アカウントをタップ＞「生年月日」を修正＞変更を保存

またご不明点等ございましたらお気軽にお申し付け下さいませ。
いつもご利用いただき誠に有難うございます。",,
,メールアドレスを変更したい        ,,アプリから変更いただく,,"【お問い合わせいただいた内容について】

いつも大変お世話になっております。
INFLUFECT運営事務局です。

お問い合わせありがとうございます。

メールアドレスにつきまして、以下の手順にてご変更いただけますと幸いです。
▶マイページ（画面右下）＞メールアドレスの変更

ご確認のほどよろしくお願いいたします。",,
,振込先/口座情報を変更したい,,マイページから変更いただく,,"【お問い合わせいただいた内容について】

いつも大変お世話になっております。
INFLUFECT運営事務局です。

お問い合わせありがとうございます。

お振込み先につきまして、以下の手順にてご変更いただけますと幸いです。
▶マイページ（画面右下）＞振込口座＞変更し保存する

ご確認のほどよろしくお願いいたします。",,
,振込先/口座情報を変更したらいつから反映しますか,,「変更を行った月の報酬分」から適用,,"【お問い合わせいただいた内容について】

いつも大変お世話になっております。
INFLUFECT運営事務局です。

お問い合わせありがとうございます。

振り込み口座を変更した場合、「変更を行った月の報酬分」から適用となります。

個人口座から法人口座に変更された場合も、「変更を行った月の報酬分」から変更後の種別に基づく報酬金額が適用となります。

ご確認のほどよろしくお願いいたします。",,
"ギャランティ

振込関連のお問い合わせはすべてNotionで管理・対応する",※明細文言作成時のルール※,,"明細についてはLDLさん確認後に送付してください
・月の合計振込金額についてはまとめシートから転記する
・各案件の振込金額を合計し、まとめシートの金額と一致しているか確認する
・案件Noが記載されている場合は削除する
・インボイス登録の有無が合っているか確認する（手順はこちら）",,,,
,いつ振り込まれる？,,"①案件名記載なし
②案件名記載あり（アナログ案件の場合赤字削除/）","・振込一覧・案件一覧で振込月を確認する
・案件終了時にLINEでお伝えしている振込月も確認する","【お問い合わせいただいた内容について】

いつも大変お世話になっております。
INFLUFECT運営事務局です。

お問い合わせありがとうございます。

ギャランティはフィードバック期間の最終日の月末締、翌々月末までに指定の銀行口座に、お振り込みをさせていただきます。

※案件名をご連絡いただけましたら詳しくお調べすることも可能です。
※振込名義：「リデル(カ)」

また、ご不明点等ございましたらお気軽にお申し付け下さいませ。
今後ともSPIRITをよろしくお願いいたします。","【お問い合わせいただいた内容について】

いつも大変お世話になっております。
INFLUFECT運営事務局です。

お問い合わせありがとうございます。


【案件名】

上記案件につきましては、〇月末のお振込み予定です。
※振込名義：「リデル(カ)」

※ギャランティはフィードバック期間の最終日の月末締、翌々月末までに指定の銀行口座に、お振り込みをさせていただきます。

また、ご不明点等ございましたらお気軽にお申し付け下さいませ。
今後ともSPIRITをよろしくお願いいたします。",
,振り込まれない,振込日当日のお問い合わせ,ST一覧の該当月に記載があることを確認し、文言を送付する,※LINE履歴を確認し振込エラーについてIFとのやりとりがある場合は、文言を送付せずにLDL様に状況をお伺いする,"【お問い合わせいただいた内容について】

いつも大変お世話になっております。
INFLUFECT運営事務局です。

お問い合わせありがとうございます。

本日お振込み予定ですが、着金タイミングは金融機関によって異なりますので今しばらくお待ちいただけますと幸いです。
※振込名義：「リデル(カ)」

本日中に振込が確認できない場合は再度ご連絡くださいませ。

よろしくお願いいたします。",,〇月の振込一覧に記載があること確認いたしましたので、テンプレにてご回答いたしました。
,,,案件名が不明,,"【お問い合わせいただいた内容について】

いつも大変お世話になっております。
INFLUFECT運営事務局です。

お問い合わせありがとうございます。

お振込みの件につきまして、お調べしますので該当の案件名をお伺いできますでしょうか。
ご確認のほどよろしくお願いいたします。",,
,,,振込月が予定とずれていて振込がまだの場合,,"【お問い合わせいただいた内容について】

いつも大変お世話になっております。
INFLUFECT運営事務局です。

お問い合わせありがとうございます。

【案件名】

上記案件につきましては、振込月がずれ込んでおり●月末の振込み予定となっております。
※振込名義：「リデル(カ)」

お待たせしており大変申し訳ございませんが、ご確認いただけますと幸いです。

また、ご不明点等ございましたらお気軽にお申し付け下さいませ。",,
,,,"振込一覧に記載があったら、まず「振込明細をお伝えするケース」の文言で振込済みであることお伝え
→①それでも確認できないと言われたら銀行口座を確認する",,"【お問い合わせいただいた内容について】

いつも大変お世話になっております。
INFLUFECT運営事務局です。

ご確認いただきありがとうございます。

下記の口座へお振込みを行っておりますが、こちらの口座をご確認いただいておりますでしょうか？
○○銀行　普通　1234567
名義：

ご確認のほどよろしくお願いいたします。",,
,"振込明細をお伝えするケース
・明細が知りたい
・金額が違う、など",,インボイス登録あり　①内税　②外税,"※明細「書」をご希望の場合は下記の文言を追加
支払い明細につきましてはテキストベースでのみお伝え可能です。支払調書につきましては確定申告の時期のみ発行を行っておりますので、ご希望の場合は来年2月以降にご連絡ください。","【お問い合わせいただいた内容について】

いつも大変お世話になっております。
INFLUFECT運営事務局です。

お問い合わせありがとうございます。

ギャランティのお振込につきまして、以下の通りお振込みを行っております。

====================
○月末日 入金　¥0,000
====================
案件名
→報酬¥○○−源泉所得税¥○○=お振込金額¥○○

案件名
→報酬¥○○−源泉所得税¥○○=お振込金額¥○○
————————————————————————————
※振込名義：「リデル(カ)」

ご確認の程、よろしくお願いいたします。
その他ご不明な点などございましたらお気軽にお問い合わせくださいませ。",要作成,"文言を作成しましたのでご確認のほどよろしくお願いいたします。
※インボイス登録ないこと確認済み"
,,,インボイス登録なし　①内税　③外税,,"【お問い合わせいただいた内容について】

いつも大変お世話になっております。
INFLUFECT運営事務局です。

お問い合わせありがとうございます。

ギャランティのお振込につきまして、以下の通りお振込みを行っております。

※インボイス発行事業者に該当しないため、提示額より消費税相当額10%を差し引いた額を報酬額（税込）とさせていただいております。

====================
○月末日 入金　¥0,000
====================
案件名＊＊＊＊＊＊＊＊
・お振込額／報酬額（消費税込、源泉所得税控除後）：¥0,000
・提示額　¥0,000
・報酬額（消費税込、源泉所得税控除前）：¥0,000
・源泉所得税：-¥0,000
————————————————————————————
※振込名義：「リデル(カ)」

ご確認の程、よろしくお願いいたします。
その他ご不明な点などございましたらお気軽にお問い合わせくださいませ。",要作成,
,支払調書を発行してほしい,,今年支払い分→来年2月以降にご連絡いただく,※支払調書発行は確定申告期間中のみ。過去分であれば「支払い調書」シートの手順で対応,"【お問い合わせいただいた内容について】

いつも大変お世話になっております。
INFLUFECT運営事務局です。

お問い合わせありがとうございます。

支払調書につきましては確定申告の時期のみ発行を行っております。

2025年にお支払いしたギャランティの支払調書につきましては、来年2月以降に発行希望の旨ご連絡いただけますでしょうか？

※テキストベースでの金額お伝えは可能ですのでご希望があればその旨ご連絡くださいませ。

お手数をおかけいたしますがどうぞよろしくお願いいたします。",←赤字については年度や時期に合わせて文言更新をお願いします。,
,案件の報酬がアプリに反映されない,,"アナログ案件かINFLUFECT案件か確認
①アナログ案件の場合　②INFLUFECT案件だが進行はLINEの場合",,"【お問い合わせいただいた内容について】

いつも大変お世話になっております。
INFLUFECT運営事務局です。

お問い合わせいただきありがとうございます。

確認したところ、担当より個別でご依頼させていただいた案件でございました。

INFLUFECTアプリで応募された案件ではなく、個別に弊社からご依頼している場合はアプリに表示されないことをご了承くださいませ。

またご不明点等ございましたらお気軽にお申し付け下さい。","【お問い合わせいただいた内容について】

いつも大変お世話になっております。
INFLUFECT運営事務局です。

お問い合わせいただきありがとうございます。

確認したところ、LINEにて進行した案件でございました。

LINEにて進行した案件の場合はアプリに表示されないことをご了承くださいませ。

またご不明点等ございましたらお気軽にお申し付け下さい。",
,振込名義は？,,リデル(カ),,"【お問い合わせいただいた内容について】

いつも大変お世話になっております。
INFLUFECT運営事務局です。

お問い合わせいただきありがとうございます。

ギャランティにつきましては、月末に「リデル(カ)」でお振込しております。
※案件名をご連絡いただけましたら振込月や金額を詳しくお調べすることも可能です。

ご確認よろしくお願いいたします。                                                          ",,
,法人/法人口座なのですが、請求書が必要ですか？,,法人口座が登録されている場合,,"【お問い合わせいただいた内容について】

いつも大変お世話になっております。
INFLUFECT運営事務局です。

法人名義の口座をご登録いただいているため、請求書をいただかなくても源泉を引かずにお振込みすることが可能となっております。

ご確認のほどよろしくお願いいたします。

その他ご不明な点などございましたらお気軽にお問い合わせくださいませ。",,
案件,※LDL案件ご担当者の確認方法※,,"・IFF案件の場合、管理画面にて案件を開く→案件詳細作成・編集タブ→募集内容詳細タブ→「担当（社内）」
・Conduct案件一覧
・Slackにて過去のお問い合わせスレッドなどを検索してみる",,,,
,案件に応募ができない,,年齢、住所、API連携、フォロワー数など案件の応募条件を満たしているか確認する　※案件名がない場合は必要に応じてヒアリング,,,,
,,「居住地の条件を満たしていない」エラーが出てしまう,"応募時はSNSアカウントごとに登録の「居住地」「生年月日」で判定される。※「IF自身の情報」タブのお届け先住所や生年月日ではないので注意　

①詳細が不明→ヒアリング　②登録が誤っている場合は修正案内","■管理画面での確認方法　＜参考動画＞
案件ページ：「募集内容詳細」タブ ＞ 応募条件
IFページ：「SNSアカウント情報」タブ ＞該当のSNSアカウントを選択  ＞居住地or生年月日","【お問い合わせいただいた内容について】

いつも大変お世話になっております。
INFLUFECT運営事務局です。

お問い合わせありがとうございます。

確認いたしますので、下記についてご返信いただけますでしょうか。
①現在お住いの都道府県
②ご希望の案件名

ご確認のほどよろしくお願いいたします。","【お問い合わせいただいた内容について】

いつも大変お世話になっております。
INFLUFECT運営事務局です。

お問い合わせありがとうございます。

INFLUFECTアプリ内でSNSアカウントごとにご登録の「居住地」が◎◎◎となっておりましたので、こちらを修正し再度応募をお試しいただけますでしょうか。

■居住地の変更方法
画面下部より「マイページ」＞「SNSアカウント」＞変更したいアカウントをタップ＞「居住地」を現在お住まいの地域へ変更＞変更を保存

ご確認のほどよろしくお願いいたします。
その他ご不明点などございましたら、お気軽にご連絡くださいませ。",
,,「年齢が条件を満たしていない」エラーが出てしまう,,,※「IF自身の情報」タブの生年月日との相違を確認してみる,"【お問い合わせいただいた内容について】

いつも大変お世話になっております。
INFLUFECT運営事務局です。

お問い合わせありがとうございます。

INFLUFECTアプリ内でSNSアカウントごとにご登録の生年月日が誤っている可能性がございますので、こちらを修正し再度応募をお試しいただけますでしょうか。

■変更方法
画面下部より「マイページ」＞「SNSアカウント」＞変更したいアカウントをタップ＞「生年月日」を修正＞変更を保存

ご確認のほどよろしくお願いいたします。
その他ご不明点などございましたら、お気軽にご連絡くださいませ。",
,,フォロワー数が表示されず応募できない,"フォロワー数が反映するまで時差が発生 (30分ほど)
①管理画面にてフォロワー数が「-」となり反映していない場合
②管理画面にてフォロワー数が表示されている場合",,"【お問い合わせいただいた内容について】

いつも大変お世話になっております。
INFLUFECT運営事務局です。

お問い合わせありがとうございます。

INFLUFECT(インフルフェクト)アプリにつきまして、フォロワー数の反映にお時間がかかる場合がございますので、恐れ入りますが時間をおいて再度ご応募をお願いできますでしょうか。

明日以降もご応募ができないようでしたら、こちらで調査いたしますので、ご一報いただけますと幸いです。

ご確認よろしくお願いいたします。","【お問い合わせいただいた内容について】

いつも大変お世話になっております。
INFLUFECT運営事務局です。

お問い合わせありがとうございます。

INFLUFECT(インフルフェクト)アプリにつきまして、フォロワー数の反映にお時間を要しており申し訳ございません。

現在フォロワー数が正しく表示され、案件もご応募いただけるかと思いますのでご確認いただけますと幸いです。

よろしくお願いいたします。
その他ご不明点などございましたら、お気軽にご連絡くださいませ。",
,,API連携が原因の場合,管理画面にて「未連携」の場合,認証がうまくできない場合はヒアリングを行ってください,"【お問い合わせいただいた内容について】

いつも大変お世話になっております。
INFLUFECT運営事務局です。

お問い合わせありがとうございます。

確認したところ、SNSアカウント連携が解除されておりますので「マイページ＞SNSアカウント」より再連携後に応募をお試しいただけますでしょうか。

お手数おかけいたしますが、よろしくお願いいたします。",,
,カップルアカウントのため男女両方の案件に応募したい,,"①登録していない性別が対象の案件はLINEでご連絡いただき応募を受け付ける　※赤字は確認して片方削除してください
②リデル様にご連絡し応募ステータスへ変更いただいたら送付",,"【お問い合わせいただいた内容について】

いつも大変お世話になっております。
INFLUFECT運営事務局です。

お問い合わせありがとうございます。

INFLUFECTのご登録はシステム上、１アカウントで１名様のみでしかご登録いただけませんので、
恐れ入りますが両方の性別を登録することはできかねます。

こちらのLINEにてご案内している募集中案件をご覧いただき女性向け/男性向け案件でご参加をご希望されるものがございましたら、別途こちらのLINEにお知らせいただけますでしょうか？

どうぞよろしくお願いいたします。","【お問い合わせいただいた内容について】

いつも大変お世話になっております。
INFLUFECT運営事務局です。

お問い合わせありがとうございます。

【案件名】

上記案件につきまして、応募ステータスへ変更させていただきましたので選考結果発表までお待ちいただけますと幸いです。

※アプリ「応募タブ＞応募案件一覧」に該当の案件が表示されているかと思います。

その他ご不明点などございましたら、お気軽にご連絡くださいませ。",
,案件に受からない,,,,"【お問い合わせいただいた内容について】

いつも大変お世話になっております。
INFLUFECT運営事務局です。

この度は、INFLUFECTにお問合せいただきましてありがとうございます。

INFLUFECTでは、会員企業様がインフルエンサーにPRしてほしい案件を掲載し、募集をかけております。

INFLUFECTで応募があったインフルエンサーの中から、SNSの投稿イメージやプロフィール内容、案件への意気込みなどを参考に、
多数の応募の中から一人一人慎重にチェックしPRを依頼したいインフルエンサーを採用しています。

案件採用率を上げるためのポイントとしては、以下があります。

＜ポイント＞
・マイページのプロフィールを充実させる
・案件応募時に意気込みをしっかり記載する
・自分のアカウントのイメージにマッチする案件に応募する

上記を実践いただけると、採用率は高まると思います。

最終的に依頼するインフルエンサーを確定するのは、依頼主である企業様に委ねております。
何卒、ご理解・ご了承くださいますよう、よろしくお願い申し上げます。",,
,違うエリアの案件を受けたい,,"リデルさんに確認後
①応募NGの場合　②応募OKの場合",※住所が応募条件のエリアに該当しない場合、アプリからは応募不可▶（お届け先住所とは異なる）「SNSアカウント情報」タブ ＞該当のSNSアカウントを選択  ＞居住地,"【お問い合わせいただいた内容について】

いつも大変お世話になっております。
INFLUFECT運営事務局です。

お問い合わせいただきありがとうございます。

【案件名】

恐れ入りますが、INFLUFECT案件は在住の都道府県によって応募条件が決まっております。
申し訳ございませんが、ご対応できかねますのでご了承くださいませ。

ご理解の程、よろしくお願いいたします。","【お問い合わせいただいた内容について】

いつも大変お世話になっております。
INFLUFECT運営事務局です。

お問い合わせありがとうございます。

【案件名】

上記案件につきまして、応募ステータスへ変更させていただきましたので選考結果発表までお待ちいただけますと幸いです。

※アプリ「応募タブ＞応募案件一覧」に該当の案件が表示されているかと思います。

その他ご不明点などございましたら、お気軽にご連絡くださいませ。",
,LINE@で配信されるINFLUFECT案件について,応募したい/応募の仕方は？,①INFLUFECT登録がある場合　②INFLUFECT登録がない場合,"・応募締切後の場合はリデル様へ確認後、「※○○案件につきましては応募期間が終了しているため、またご希望の案件がございましたらアプリよりご確認いただけますと幸いです。」を追記

・LINEで配信している案件スカウトのメッセージはこちらで送信履歴が表示されない（アプリ登録がない場合も配信される）「LINEホーム ⇒ メッセージ配信 ⇒メッセージリスト⇒ 「配信済み」タブ ⇒ プレビュー」にて内容確認可能
","【お問い合わせいただいた内容について】

いつも大変お世話になっております。
INFLUFECT運営事務局です。

お問い合わせありがとうございます。

アプリにて募集の案件につきまして、ご応募はINFLUFECTアプリよりお願いいたします。
※LINEでは案件のご応募を承ることができかねます。

◆アプリURL
App Store：https://x.gd/gk35j
Google Play： https://x.gd/VW9B8 

またご不明点等ございましたらお気軽にお申し付け下さいませ。
よろしくお願いいたします。","【お問い合わせいただいた内容について】

いつも大変お世話になっております。
INFLUFECT運営事務局です。

お問い合わせありがとうございます。

アプリにて募集の案件につきまして、ご応募はINFLUFECTアプリよりお願いいたします。
※LINEでは案件のご応募を承ることができかねます。

まだINFLUFECTのアプリにご登録されていない場合は以下のURLよりアプリのダウンロード・新規登録をお願いいたします。
App Store：https://x.gd/gk35j
Google Play： https://x.gd/VW9B8

※ご登録の際、審査がございますのでお時間を頂戴する場合もございます。
※すでにご登録済みの場合は、ご登録のメールアドレスをご連絡ください。

ご不明点がございましたらご連絡くださいませ。","案件名：
応募締め切り：
テンプレにて回答いたしました。"
,,詳細が知りたい/興味あり,①INFLUFECT登録がある場合　②INFLUFECT登録がない場合,,"【お問い合わせいただいた内容について】

いつも大変お世話になっております。
INFLUFECT運営事務局です。

お問い合わせありがとうございます。

大変恐れ入りますが、アプリ募集の案件につきましては詳細のご確認やご応募に関してLINEでは対応できかねますので、
INFLUFECTアプリにて各案件を開きご確認いただけますでしょうか。

App Store：https://x.gd/gk35j
Google Play： https://x.gd/VW9B8 

その他ご不明点等ございましたらお気軽にお申し付け下さいませ。","【お問い合わせいただいた内容について】

いつも大変お世話になっております。
INFLUFECT運営事務局です。

お問い合わせありがとうございます。

大変恐れ入りますが、アプリ募集の案件につきましては詳細のご確認やご応募に関してLINEでは対応できかねますので、
INFLUFECTアプリにて各案件を開きご確認いただけますでしょうか。

まだINFLUFECTのアプリにご登録されていない場合は、以下のURLよりアプリのダウンロード・新規登録をお願いいたします。
※ご登録の際、審査がございますのでお時間を頂戴する場合もございます。
※すでにご登録済みの場合はご登録情報をLINEにてご返信くださいませ。
App Store：https://x.gd/gk35j
Google Play： https://x.gd/VW9B8 

その他ご不明点等ございましたらお気軽にお申し付け下さいませ。",
,○○の案件があったら連絡ください！,,"アプリから見ていただくようご案内
①アプリ登録済みの場合",,"【お問い合わせいただいた内容について】

いつも大変お世話になっております。
INFLUFECT運営事務局です。

ご連絡ありがとうございます。
個別でご依頼したい案件がある場合はこちらのLINEにてご連絡させていただきます。

また通常、案件はINFLUFECTアプリにて募集を行っておりますので、そちらもご確認いただきご希望のものがございましたら是非ご応募いただけますと幸いです。

ご確認のほどよろしくお願いいたします。",,
,"案件の合否が知りたい
（連絡がこない/見方は？）",,採用結果の見方/確認方法は？,,"【お問い合わせいただいた内容について】

いつも大変お世話になっております。
INFLUFECT運営事務局です。

お問い合わせありがとうございます。

応募タブ＞応募案件一覧 より応募いただいた案件の採用結果を一覧でご確認いただけます。
また、通知画面やご登録のメールアドレスにも採用・不採用の結果をお知らせしておりますので合わせてご確認いただけますと幸いです。

※採用された案件につきましては、「担当案件」タブよりご確認いただけます。

選考が遅れる場合もございます。案件名をご連絡いただければ詳しくお調べすることも可能ですのでご連絡くださいませ。

ご不明点等ございましたらお気軽にお申し付け下さいませ。
いつもご利用いただき誠にありがとうございます。",,
,,案件名の記載がある場合,選考が完了していない場合（LDL様へ確認後に送付）,管理画面「インフルエンサー進行管理」に採用者が表示されていなければ選考中,"【お問い合わせいただいた内容について】

いつも大変お世話になっております。
INFLUFECT運営事務局です。

お問い合わせありがとうございます。

【案件名】

上記案件につきましては、現在選考中でございます。
お待たせしており申し訳ございません。

選考が完了しましたら通知画面やご登録のメールアドレス、もしくは応募タブ＞応募案件一覧 より応募いただいた案件の採用結果を一覧でご確認いただけます。

また案件へ採用された際には、「担当案件」タブよりご確認いただけます。

ご不明点等ございましたらお気軽にお申し付け下さいませ。
いつもご利用いただき誠にありがとうございます。",,管理画面にて採用者が表示されておりませんが、選考中でしょうか？以下のテンプレにてご回答で問題ないかご確認をお願いいたします。
,,,不採用の場合（LDL様へ確認後に送付）,管理画面「インフルエンサー進行管理」に該当がなければ不採用,"【お問い合わせいただいた内容について】

いつも大変お世話になっております。
INFLUFECT運営事務局です。

お問い合わせありがとうございます。

【案件名】

恐れ入りますが、先日ご応募くださった上記案件は残念ながらお見送りとなっております。

次回、案件へ採用された際には「担当案件」タブに表示されますのでご確認いただけますと幸いです。

また選考結果の確定処理が完了しましたら、
通知画面やご登録のメールアドレス、もしくは応募タブ＞応募案件一覧 より応募いただいた案件の採用結果を一覧でご確認いただけます。

またのご応募お待ちしております。
ご不明点等ございましたらお気軽にお申し付け下さいませ。
いつもご利用いただき誠にありがとうございます。",,上記の方につきまして不採用でお間違いないでしょうか？以下のテンプレにてご回答で問題ないかご確認をお願いいたします。
,応募案件がない（男性）,,応募できる案件がない,,"【お問い合わせいただいた内容について】

いつも大変お世話になっております。
INFLUFECT運営事務局です。

この度は、お問い合わせいただきありがとうございます。

現在、INFLUFECTでは女性限定案件のみの募集となっておりますが、
今後は男性限定案件や男女共にご応募いただける案件の掲載も予定しておりますので、その際にはぜひご応募いただけましたら幸いです。

何卒よろしくお願いいたします。",,
,,,美容系男子でコスメやスキンケア案件に応募したい,,"【お問い合わせいただいた内容について】

いつも大変お世話になっております。
INFLUFECT運営事務局です。

ご連絡ありがとうございます。

女性限定案件に関してはクライアントのご希望によりご応募は女性限定となっておりますので、
申し訳ございませんが男性からのご応募はできかねてしまいます。

また、今後男性にもご参加いただける美容案件を実施できるようこちらも改善いたしますので、
引き続きよろしくお願いいたします。",,
,案件というのは、自分で購入した物を販売するということでしょうか？,,,,"【お問い合わせいただいた内容について】

いつも大変お世話になっております。
INFLUFECT運営事務局です。

お問い合わせありがとうございます。

購入したものを販売は致しませんので、ご安心くださいませ。
念の為、どちらの案件の募集かお伺いしてもよろしいでしょうか？

また、案件のフローは下記の通りになっております。
募集中の案件からお好きな案件に応募する。
↓
企業からの連絡を待つ。
↓
採用後、商品やサービスの特徴や写真などを投稿。
↓
企業から報酬を受け取る。",,
,Instagramでのプレゼント企画(フォロー・いいね・コメントなどの見返りとして景品等を提供する行為はInstagram規約違反では？,,,"下記リデルさん社内共有の内容です。

Facebook社の方より、プレゼントキャンペーンの開催に関してプロダクトチームより正式な案内が出たとの内容をご共有いただきました。
結果として、プレゼントキャンペーンは禁止ではないそうです。

◎インセンティブ次第
現金やポイント・金券などは禁止
◎商業的なDM等の大量送付はNG

フォローやいいねを促してもらう内容を繰り返し送付することはスパム扱いになる可能性がある
上記の内容に気をつければ、アカウント停止などは防げそうですね！

ガイドラインが変わったと言っている人がいるのは何故？
弊社のポリシーは変わっていないのですが、コミュニティガイドラインの日本語訳が一時的に紛らわしい表現に変わっていたため、混乱が生じているようです。現在は適切な表現になっていますので（thank you!）、最新版のコミュニティガイドラインを参考にしていただけるようお願いいたします。","【お問い合わせいただいた内容について】

いつも大変お世話になっております。
INFLUFECT運営事務局です。

お問い合わせありがとうございます。

現金やポイント・金券などを提供するキャンペーンではないため、Instagramの規約違反ではございません。

よろしくお願いいたします。",,
,"意気込みはどのようなことを書けばいいですか
採用につながる書き方を教えてください",,,,"【お問い合わせいただいた内容について】

いつも大変お世話になっております。
INFLUFECT運営事務局です。

お問い合わせありがとうございます。

意気込みに関しては、
自身のアカウントの強みやどのように商材をPRするか、
すでに愛用商品であれば商品の気に入っているポイント
などを丁寧に記載いただいている方が採用されている確率が高い傾向にあります。

あくまでも企業様が選定をされているので、企業様へのアピールとなるものをご記入ください。

どうぞよろしくお願いいたします。",,
,報酬金額/ギャランティの交渉は可能ですか,,"アプリ募集案件の場合、不可
LIDDELL様確認後に送付してください",,"【お問い合わせいただいた内容について】

いつも大変お世話になっております。
INFLUFECT運営事務局です。

お問い合わせありがとうございます。

SPIRITは、企業がインフルエンサー様にPRしてほしい案件の募集をかけるプラットフォームとなっております。

そのため、募集の時点で案件の報酬金額は決定しており、各々の案件について交渉することは難しくなっております。

条件を見ていただいて、納得のいく案件にご応募いただきますようお願いいたします。
※ご応募いただいた後も企業の選定がございます。

また、個別にこちらのLINEからお声がけするお仕事については、金額の交渉は可能なのでその場合は、ご遠慮なくお申し付けください。

何卒、よろしくお願い申し上げます。",,
,インフルエンサーへの評価の理由・詳細が知りたい,,管理画面>レポート>インフルエンサーからのフィードバック>インフルエンサーへの評価（☆）,クライアントが選定している,"【お問い合わせいただいた内容について】

いつも大変お世話になっております。
INFLUFECT運営事務局です。

お問い合わせありがとうございます。

以下の基準を元にクライアントが評価を行っておりますので参考にしていただけますと幸いです。

<評価基準例>
・投稿が目的に合致していて効果的だったか。
・クリエイティブが、期待を超えるオリジナリティある見せ方をしていたか。
・秀逸なハッシュタグが使用されており、表現方法が参考になったか。
・テキストに商材への熱意が伝わり、ユーザーの共感を呼ぶ内容だったか。

ご確認のほどよろしくお願いいたします。",,
,終了した案件がアプリで【実施中】のままになっている。,,,,,,
利用規約,利用規約を確認したい,,規約のURLを送付,,"【お問い合わせいただいた内容について】

いつも大変お世話になっております。
INFLUFECT運営事務局です。

お問い合わせありがとうございます。

INFLUFECTの利用規約をお送りいたします。
https://liddell.tokyo/terms/influencer/

ご確認の程、どうぞよろしくお願い申し上げます。
ご不明点などございましたらお気軽にご連絡くださいませ。",,
アプリ不具合,アプリが開けない/落ちる,,アプリ再インストールをお試しいただく,,"【お問い合わせいただいた内容について】

いつも大変お世話になっております。
INFLUFECT運営事務局です。

お問い合わせありがとうございます。
この度はご不便をおかけし申し訳ございません。

INFLUFECTアプリにつきまして、一度アンインストール→再インストールをお試しいただけますでしょうか。
App Store：https://x.gd/gk35j
Google Play： https://x.gd/VW9B8

上記ご対応後も改善しない場合は、お手数ですが画面録画を共有いただけますと幸いです。

ご不明点がございましたらご連絡くださいませ。",,
退会希望,メール（SPIRIT）・LINE@でのご連絡,,アプリからの退会方法をご案内する,"

※参加中案件がある場合、IFF管理画面からの退会処理は不可（エラーとなる）","【お問い合わせいただいた内容について】

いつも大変お世話になっております。
INFLUFECT運営事務局です。

お問い合わせありがとうございます。

INFLUFECTの退会につきましては、アプリマイページの「退会する」メニューより退会いただけます。
https://x.gd/TxKMz

※案件進行中は退会を行うことができません。
※未振込の報酬がある場合は入金確認後に退会いただきますようお願いいたします。
※ポイントが残っている場合は消滅します。
※一度退会すると、同じメールアドレスでは再登録ができません。

ご不明な点やご質問などございましたら、お気軽にお問い合わせくださいませ。
この度はINFLUFECTのご利用、誠にありがとうございました。",,
,,,※何らかの理由によりこちらで退会処理を行う必要がある場合は、LDLさんご確認の上、管理画面「退会させる」ボタンより退会処理を行う,,"【お問い合わせいただいた内容について】

いつも大変お世話になっております。
INFLUFECT運営事務局です。

ご連絡ありがとうございます。

INFLUFECTのご登録につきまして、退会処理が完了いたしました。
誠に残念ですが、また機会がございましたら何卒よろしくお願い申し上げます。

また、ご登録のメールアドレス宛に退会処理完了メールが届いているかと思いますので、ご確認いただけますと幸いです。

ご不明な点やご質問などございましたら、お気軽にお問い合わせください。
この度は弊社サービスのご利用、誠にありがとうございました。",,
,ポータルサイトからのご連絡,,"サービス名の記載がない場合
INFLUFECT/SPIRIT退会希望の場合",,"○○様

いつも大変お世話になっております。
INFLUFECT運営事務局です。

お問い合わせありがとうございます。

SPIRIT、INFLUFECTの退会につきましては、以下の手順にて退会処理をお願いいたします。

▶SPIRITアプリ
「アカウント設定」をタップし、1番下の「ご退会」という部分からお手続き可能です。

▶INFLUFECTアプリ
マイページ下　→「退会する」をタップ
https://x.gd/TxKMz

※案件進行中は退会を行うことができません。
※未振込の報酬がある場合は入金確認後に退会いただきますようお願いいたします。
※ポイントが残っている場合は消滅します。
※一度退会すると、同じメールアドレスでは再登録ができません。

その他退会をご希望のサービス（LIW／EMERALD POST）や、ご不明点などございましたらご連絡いただけますと幸いです。

ご確認のほどよろしくお願いいたします。",,
,,,"LIWご登録削除希望の場合　①一次返信　②削除完了後送付
（システムにて削除いただくよう依頼する）
※LIWはSPやIFF登録があるとできない",,"○○様

いつも大変お世話になっております。
INFLUFECT運営事務局です。

お問い合わせありがとうございます。

LIW（LIDDELL INFLUENCER WORKSPACE）のご登録削除をご希望とのこと、承知いたしました。
誠に残念ですが、また機会がございましたら何卒よろしくお願い申し上げます。

ご登録の削除が完了しましたら、再度ご連絡させていただきますので、今しばらくお待ちくださいませ。

何卒よろしくお願いいたします。","○○様

いつも大変お世話になっております。
INFLUFECT運営事務局です。

お待たせいたしました。
LIW（LIDDELL INFLUENCER WORKSPACE）のご登録削除が完了いたしました。

この度はLIWをご利用いただき誠にありがとうございました。
また機会がございましたら何卒よろしくお願い申し上げます。",
,,,"EMERALD POST退会希望の場合
※フジ子さんEMERALD POST担当者へ共有する",,"○○様

いつも大変お世話になっております。
INFLUFECT運営事務局です。

お問い合わせありがとうございます。

EMERALD POSTの退会をご希望とのこと、承知いたしました。
誠に残念ですが、また機会がございましたら何卒よろしくお願い申し上げます。

退会処理が完了しましたら、ご登録のメールアドレス宛に退会処理完了メールが届きますので、ご確認いただけますと幸いです。

何卒よろしくお願いいたします。",,
棄却や退会後に登録情報削除の依頼があった場合,,,リデル様にシステムにて削除いただくよう依頼する,※棄却の場合など必要に応じて赤字は変更してください,"【お問い合わせいただいた内容について】

いつも大変お世話になっております。
INFLUFECT運営事務局です。

お問い合わせありがとうございます。

ご登録情報につきまして、削除が完了いたしました。

この度はINFLUFECTをご利用いただき誠にありがとうございました。
また機会がございましたら何卒よろしくお願い申し上げます。",,
IF審査,"棄却

",棄却となっていた,審査の結果棄却となったことをお伝え,"※棄却リスト　（各年を確認）

☆棄却の方については必ずLIDDELL様確認後に文言送付してください
※原則、棄却理由についてはIFへお伝えしないが
IFの温度感が高かったり、しつこく聞いてこられる場合は、棄却理由の一部だけお伝えする場合あり","【お問い合わせいただいた内容について】

いつも大変お世話になっております。
INFLUFECT運営事務局です。

お問い合わせありがとうございます。

アカウントを拝見したところ、審査の結果大変恐縮ながら（Instagram／X／Youtube／Tiktok）アカウントのご登録を見送りとさせていただきました。

（参考）Q.審査の条件を教えてください。
https://x.gd/PoVWD

なお、ご登録がお見送りとなった理由につきましては、大変恐れ入りますがサービスのルール上お伝えできかねます。

再審査をご希望の場合、下記手順にて再申請をお願いいたします。
◇マイページ＞SNSアカウント＞棄却となったアカウントを選択＞変更を保存する

※再審査は可能ではございますが、弊社の基準を満たしていない場合は棄却となる可能性があること、何卒ご了承いただけますと幸いです。

何卒、ご理解・ご了承くださいますよう、よろしくお願い申し上げます。",,
,,棄却理由を知りたい,原則、棄却理由についてはIFへお伝えしない,,"【お問い合わせいただいた内容について】

いつも大変お世話になっております。
INFLUFECT運営事務局です。

お問い合わせありがとうございます。

ご登録がお見送りとなった理由につきましては、大変恐れ入りますがサービスのルール上お伝えできかねます。

（参考）Q.審査の条件を教えてください。
https://x.gd/PoVWD

再審査をご希望の場合、下記手順にて再申請をお願いいたします。
◇マイページ＞SNSアカウント＞棄却となったアカウントを選択＞変更を保存する

※再審査は可能ではございますが、弊社の基準を満たしていない場合は棄却となる可能性があること、何卒ご了承いただけますと幸いです。

ご希望に沿えず恐縮ですが、ご理解の程よろしくお願いいたします。",,
,,再審査をご希望,（棄却歴がINFLUFECTの場合）アプリにて再申請いただく,,"【お問い合わせいただいた内容について】

いつも大変お世話になっております。
INFLUFECT運営事務局です。

お問い合わせありがとうございます。

SNSアカウントの再審査をご希望の場合、下記手順にて再申請をお願いいたします。
◇マイページ＞SNSアカウント＞棄却となったアカウントを選択＞変更を保存する

※再審査は可能ではございますが、弊社の基準を満たしていない場合は棄却となる可能性があること、何卒ご了承いただけますと幸いです。

何卒、ご理解・ご了承くださいますよう、よろしくお願い申し上げます。",,
,,,"SPやEPで棄却歴があるが再審査やIFF登録を希望の場合、リデルさんに該当アカウントの再審査を依頼する
①棄却の場合　②審査通過となる場合（システム処理を依頼）",,"【お問い合わせいただいた内容について】

いつも大変お世話になっております。
INFLUFECT運営事務局です。

お問い合わせありがとうございます。

この度、再審査をさせていただきましたが、審査通過条件を全ては満たされておらず
引き続き登録についてはお見送りとさせていただく結果となりました。

（参考）Q.審査の条件を教えてください。
https://if.support.influfect.com/hc/ja/articles/7615746160783-Q-%E5%AF%A9%E6%9F%BB%E3%81%AE%E6%9D%A1%E4%BB%B6%E3%82%92%E6%95%99%E3%81%88%E3%81%A6%E3%81%8F%E3%81%A0%E3%81%95%E3%81%84

なお、ご登録がお見送りとなった理由につきましては、大変恐れ入りますがサービスのルール上お伝えできかねます。

ご希望に沿えず恐縮ですが、ご理解の程よろしくお願いいたします。","【お問い合わせいただいた内容について】

いつも大変お世話になっております。
INFLUFECT運営事務局です。

お問い合わせありがとうございます。

この度SNSアカウントについて再審査を実施させていただき、審査通過となりました。

ログインいただける様処理を行いましたので、下記メールアドレスにてINFLUFECTアプリへログインをお試しいただけますでしょうか？
ーーーーーー@ーーー

◆INFLUFECTアプリ
App Store：https://x.gd/gk35j
Google Play： https://x.gd/VW9B8 

※パスワードをお忘れの場合は再設定をお試しくださいませ。

また審査通過についてのメールが届いているかと思いますので、そちらもご確認いただけますと幸いです。

お手数おかけいたしますが、よろしくお願いいたします。",
,,案件参加済みアカウントが誤って棄却になっていた,"①登録情報が不明の場合はメールアドレスをヒアリングする
②アプリからの再申請を依頼する",誤って再棄却されないよう審査担当へ事前に共有→承認したら審査担当+必要に応じ案件担当へ共有,"【お問い合わせいただいた内容について】

いつも大変お世話になっております。
INFLUFECT運営事務局です。

お問い合わせありがとうございます。

確認いたしますので、ご登録のメールアドレスをお伺いできますでしょうか。
ご確認のほどよろしくお願いいたします。","【お問い合わせいただいた内容について】

いつも大変お世話になっております。
INFLUFECT運営事務局です。

お問い合わせありがとうございます。
こちらの手違いにより、SNSアカウントが棄却となってしまい大変申し訳ございません。

お手数ですが、以下の手順にて再度申請をお願いできますでしょうか。
▶マイページ＞SNSアカウント＞棄却となったアカウントを選択＞変更を保存する

ご対応いただきましたら、承認を行いますので本LINEにてご一報いただけますと幸いです。

お手数をおかけして申し訳ありませんが、ご確認のほどよろしくお願いいたします。",
,まだ「審査中」,,,,"【お問い合わせいただいた内容について】

いつも大変お世話になっております。
INFLUFECT運営事務局です。

お問い合わせありがとうございます。
お調べしたところ、現在SNSアカウントの審査中でございます。

審査通過後にサービスをご利用いただけますので、今しばらくお待ちいただけますと幸いです。

また、ご不明点等ございましたらお気軽にお申し付け下さいませ。
今後ともINFLUFECTをよろしくお願いいたします。",,
,ステータス「承認済み」になっているが審査結果の問い合わせがあった、もしくは審査通過させた場合,,登録完了していることをお伝えする,,"【お問い合わせいただいた内容について】

いつも大変お世話になっております。
INFLUFECT運営事務局です。

お問い合わせありがとうございます。

確認したところ（Instagram／X／Youtube／Tiktok）アカウントの審査が完了し、承認となっておりました。
アプリにログインしご確認いただけますと幸いです。

またご不明な点がございましたらお気軽にお問い合わせください。
引き続きよろしくお願い致します。",,
重複登録,"お問い合わせ作業時に重複登録を発見した
※同じSNSアカウントを複数のメールアドレスで登録している場合",,"①削除するアカウントをヒアリング　②削除後にご連絡
※削除前までは必要に応じてLINEノートに情報を記載する",赤字：不要な場合は削除,"【ご登録についての確認】

お世話になっております。
INFLUFECT運営事務局です。

ご登録情報を確認したところ、現在２件ございました。
INFLUFECTでは2件登録されていると案件のご依頼が分散してしまいますので
片方は削除させていただきたく、今後どちらのアカウントを使用されるかご確認いただけますでしょうか。

①--------------@----
②--------------@----

参加中案件などがなく、削除しても問題ないアカウントをご連絡いただけますと幸いです。
※ポイントが残っている場合は消滅します。

ご確認の程よろしくお願いいたします。","【ご登録についての確認】

お世話になっております。
INFLUFECT運営事務局です。

ご返信いただきありがとうございます。
「--------------@----」のご登録につきましては削除させていただきました。

退会処理完了メールが届きますのでご確認いただけますと幸いです。

また、「--------------@----」のご登録にて連携できていないSNSアカウントがある場合は追加登録くださいませ。
（参考）Q.登録できるSNSの種類と登録方法を教えてください。
https://x.gd/fCexx

今後ともINFLUFECTをよろしくお願いいたします。",
メール,新着募集案件のメール配信停止希望,,"マイページ＞通知設定＞案件通知 より変更
※IFF/SPアプリ登録の方へ配信される",※参考動画,"【お問い合わせいただいた内容について】

いつも大変お世話になっております。
INFLUFECT運営事務局です。

お問い合わせありがとうございます。

このたびは弊社アプリ「INFLUFECT」からの通知によりご不快な思いをおかけし、誠に申し訳ございません。

該当の通知は、現在アプリ内の設定変更により配信停止が可能でございます。
お手数をおかけいたしますが、以下の手順にて設定変更をお願いいたします。

■通知停止の手順
1．アプリを起動
2．右下の「マイページ」をタップ
3．「通知設定」を選択
4．「案件通知」内の「新規募集案件」を【OFF】に設定

詳細は下記をご確認ください。
https://x.gd/n79FY

ご不明点がございましたら、いつでもご遠慮なくお問い合わせくださいませ。
引き続き、何卒よろしくお願い申し上げます。",,
プッシュ通知,アプリ通知を切りたい,,マイページ＞通知設定＞案件通知 より変更,,"【お問い合わせいただいた内容について】

いつも大変お世話になっております。
INFLUFECT運営事務局です。

お問い合わせありがとうございます。

このたびは弊社アプリ「INFLUFECT」からの通知によりご不快な思いをおかけし、誠に申し訳ございません。

該当の通知は、現在アプリ内の設定変更により停止が可能でございます。
お手数をおかけいたしますが、以下の手順にて設定変更をお願いいたします。

■通知停止の手順
1．アプリを起動
2．右下の「マイページ」をタップ
3．「通知設定」を選択
4．「案件通知」内の「担当案件」を【OFF】に設定

※採用された案件に関する通知がOFFとなります。案件の採用可否・案件進行に必要な通知となりますので、お見逃しがないようご注意をお願いいたします。

詳細は下記をご確認ください。
https://x.gd/n79FY

ご不明点がございましたら、いつでもご遠慮なくお問い合わせくださいませ。
引き続き、何卒よろしくお願い申し上げます。",,
新規登録,新規登録がしたい,,,,"【お問い合わせいただいた内容について】

いつも大変お世話になっております。
INFLUFECT運営事務局です。

お問い合わせありがとうございます。

アプリ新規登録の方法ですが、下記URLよりご登録くださいませ。
App Store：https://x.gd/gk35j
Google Play： https://x.gd/VW9B8

（参考）
Q.新規登録方法を教えてください
https://x.gd/PVPgO

Q.登録できるSNSの種類と登録方法を教えてください。
https://x.gd/fCexx

お手数おかけいたしますが、よろしくお願いいたします。
ご不明点などございましたら、お気軽にご連絡くださいませ。",,
,過去に退会したが、再度登録したい,,"どのサービスでの退会歴があるか確認し、LDL様へ対応依頼する
①退会情報が不明の場合ヒアリング　②ログインできるよう処理後",,"【お問い合わせいただいた内容について】

いつも大変お世話になっております。
INFLUFECT運営事務局です。

お問い合わせいただきありがとうございます。

お調べいたしますので、以下についてご共有いただけますでしょうか。
①退会したサービス名
②以前ご登録されていたメールアドレス

お手数おかけいたしますがよろしくお願いいたします。","【お問い合わせいただいた内容について】

いつも大変お世話になっております。
INFLUFECT運営事務局です。

お問い合わせいただきありがとうございます。

以前のご登録情報でINFLUFECTアプリへログインできるように処理を行いましたので、ログインをお試しいただけますでしょうか？
~~~~@~~

◆INFLUFECTアプリ
App Store：https://x.gd/gk35j
Google Play： https://x.gd/VW9B8

パスワードをお忘れの場合は再設定をお試しくださいませ。

お手数おかけいたしますがよろしくお願いいたします。",
,氏名フリガナ欄にカタカナで入力しても「フリガナはカタカナで入力してください」と表示される,,スペースはなしで入力いただく,,"【お問い合わせいただいた内容について】

いつも大変お世話になっております。
INFLUFECT運営事務局です。

お問い合わせありがとうございます。

お名前フリガナ欄につきまして、スペースなしで入力いただくとお進みいただけるかと存じますのでお試しいただけますでしょうか。

ご確認のほどよろしくお願いいたします。
その他ご不明点などございましたらお気軽にご連絡くださいませ。",,
,海外在住の場合　※情報古い可能性あり、対応前にリデルさんへ確認お願いします,,,,"【お問い合わせいただいた内容について】

いつも大変お世話になっております。
INFLUFECT運営事務局です。

お問い合わせありがとうございます。

大変申し訳ございませんが、現状のINFLUFECTでは国内に居住の方のみのご登録とさせていただいております。
今後、改善してまいりますので機会がありましたらまた宜しくお願いします。

またご不明点等ございましたらお気軽にお申し付け下さいませ。
いつもご利用いただき誠に有難うございます。",,
エメラルドポスト,エメラルドポストについてのお問い合わせ,,フジ子さんEMERALD POST担当者へ引継ぎする,,ー,,
LINE,LINEアカウントを変更したい,,①変更方法の案内　②新しいアカウントからご連絡いただいた際の返信,"【旧LINEアカウントの処理】
1.名前の頭に「【旧】」とつける
2.ノートに「新しいLINEアカウントよりご連絡あり。連絡する際はそちらからお願いします。新しいLINE名：https://（新しいLINEアカウントのURL）」と記載する","【お問い合わせいただいた内容について】

いつも大変お世話になっております。
INFLUFECT運営事務局です。

お問い合わせありがとうございます。

①新しく使用されたいLINEアカウントから下記URLより友だち追加
https://lin.ee/abGEvrS 
②ご登録情報（SNSアカウント、メールアドレス）と合わせて「今後はこちらのLINEアカウントを使用したい」旨ご連絡ください。

上記の通りご対応いただけますでしょうか。
ご確認のほどよろしくお願いいたします。","いつも大変お世話になっております。
INFLUFECT運営事務局です。

ご連絡ありがとうございます。

今後ご連絡の際はこちらのLINEよりご連絡させていただきます。

今後ともINFLUFECTをよろしくお願いいたします。",
,LINE@の案件スカウト配信停止希望,,"ご担当者へ確認後、LINEのタグ「スカウト拒否」をつける
①タグ付けが完了したら文言を送付する",タグがついていても個別のお声がけに関してはご担当者確認が入るため問題なし,"【お問い合わせいただいた内容について】

いつも大変お世話になっております。
INFLUFECT運営事務局です。

ご連絡いただきありがとうございます。
ご不便をおかけして申し訳ございません。

案件についての配信を停止させていただきました。
今後新規案件についてはアプリよりご確認ください。

その他ご不明な点がございましたらお気軽にお問い合わせください。
今後ともよろしくお願い致します。",,
,LINE新規登録＆ご連絡をいただいたがSPIRIT/INFLUFECT登録が確認できない,,"①管理画面②棄却リスト③承認リスト
を確認し該当なければ文言送付する",,"【お問い合わせいただいた内容について】

いつも大変お世話になっております。
INFLUFECT運営事務局です。

ご連絡ありがとうございます。

ご連絡いただいた情報で確認しましたが、SPIRIT/INFLUFECT登録が確認できませんでした。

アプリよりご登録はお済みでしょうか？
◆SPIRIT：https://apple.co/39pFrrP
◆INFLUFECT：
App Store：https://x.gd/gk35j
Google Play： https://x.gd/VW9B8 

まだの場合はご登録申請後、審査通過となりましたらご登録完了となります。
登録が完了した際にはLINEにてその旨ご一報いただけますと幸いです。

またInstagramDMにてなにかご連絡差し上げていることがございましたら、お知らせください。

その他ご不明点などございましたらお気軽にご連絡くださいませ。",,
,IFのマネージャーから「今後はこちらに連絡ください」と連絡があった,,"下記対応を行う
＜LINE氏名＞
IFのLINE名：頭に「連絡不可_」を追加
マネージャーのLINE名：後ろに「（○○マネージャー）」を追加

＜タグ付け＞
インフルエンサーのLINEに「スカウト拒否」「ノート要確認マネージャー連絡」をタグづけ

＜LINEノート＞
IFのLINEノート：対応日、IFF登録情報、マネージャーLINE名＆URL、今後はマネージャーのLINEへ連絡してください
マネージャーのLINEノート：対応日、、IFF登録情報、（IFのLINE名）のマネージャーであること、今後はこちらへ連絡してください",,"いつもお世話になっております。
INFLUFECT運営事務局です。

ご連絡ありがとうございます。
案件のご連絡先につきまして、承知いたしました。
今後はこちらにご連絡させていただきます。

今後ともINFLUFECTをよろしくお願いいたします。",,
おすすめ投稿,おすすめ投稿ってなんですか？,,①Instagram　②X,"　①（Instagram案件の場合）
・フィード投稿URLのみOK
（ただし、直近の投稿を推奨。古すぎるとAPIで取得できない可能性あり）←IFがビジネスアカウントに設定した日からのデータしか取得できないため

・アーカイブ投稿URL　✕（API非対応）
・ストーリーズ投稿URL　✕（データが取得できない）
・リール投稿URL　✕（API非対応）
・IGTV投稿URL　✕（API非対応）
・自身のアカウントURL　✕
・音楽等を入れ込んだ投稿URL　✕（著作権の関係で投稿データが取得できない）

②（Twitter案件の場合）
・投稿URLのみOK

・自身のアカウントURL　✕

③（YouTube案件の場合）
・ビデオURLのみOK
（ただし、PCではなく、スマホからコピーしたURL）

・自身のチャンネルURL　✕
・限定公開のビデオURL　✕","【お問い合わせいただいた内容について】

いつも大変お世話になっております。
INFLUFECT運営事務局です。

お問い合わせありがとうございます。

「おすすめ投稿URL」につきまして、
応募時にご自身のおすすめしたい投稿、これまでで特に自信のある投稿のURL（３投稿まで）を入力することができます。

＜Instagram案件の場合＞
※応募には最低1投稿のURLの入力が必須となっております。
※ビジネスアカウント設定後のフィード投稿URLのみ入力可能です。
（自身のアカウントURL/アーカイブ投稿URL/ストーリーズURL/リールURL/IGTVのURLは入力不可）

よろしくお願いいたします。","【お問い合わせいただいた内容について】

いつも大変お世話になっております。
INFLUFECT運営事務局です。

お問い合わせありがとうございます。

「おすすめ投稿URL」につきまして、
応募時にご自身のおすすめしたい投稿、これまでで特に自信のある投稿のURL（３投稿まで）を入力することができます。

＜X案件の場合＞
※応募には最低1投稿のURLの入力が必須となっております。
※投稿URLのみ入力可能です。
（自身のアカウントURLは入力不可）

よろしくお願いいたします。",
,Youtubeおすすめ投稿のURLが入力できない,,,,"【お問い合わせいただいた内容について】

いつも大変お世話になっております。
INFLUFECT運営事務局です。

お問い合わせありがとうございます。
Youtubeのおすすめ投稿につきましては、ブラウザから取得した「投稿URL」の入力が必要となります。

詳細：https://x.gd/PGtUJ

上記ご確認後も入力ができない場合はお手数ですが、どのようなエラーで入力ができないかスクリーンショットをご共有いただけますと幸いです。

よろしくお願いいたします。",,
,おすすめ投稿のURLはどういったものが良いでしょうか？	,,,,"【お問い合わせいただいた内容について】

いつも大変お世話になっております。
INFLUFECT運営事務局です。

お問い合わせありがとうございます。

おすすめ投稿URLにつきまして、参加希望案件に似ている投稿や、案件詳細をご確認いただきご自身で雰囲気の合致するような投稿を入れていただくと、選考の際に参考になります。

ご確認のほどよろしくお願いいたします。",,
,おすすめ投稿のURLを変更したい,,該当案件と希望のおすすめ投稿URLをヒアリング→入力条件を満たしているか確認し案件ご担当者へ共有する,,,,
インフルエンサーが誤って企業登録した,,,"メールタイトル：【ご登録申請の件について】INFLUFECT運営事務局
企業登録棄却→登録情報削除の流れ。同じメールアドレスを使用してIF登録したい場合は、情報削除後でないと登録できない。",,"【お問い合わせいただいた内容について】

いつも大変お世話になっております。
INFLUFECT運営事務局です。

この度企業登録申請をいただいた件でご連絡させていただきました。

InstagramなどのSNSでPR投稿をしていただくインフルエンサーとしての登録をご希望ということでよろしいでしょうか？

その場合企業登録申請とは異なりますので、別途アプリよりご登録をお願いいたします。
企業登録申請は棄却させていただきます。

インフルエンサーとしての新規登録の方法ですが、下記URLよりご登録くださいませ。 
https://apple.co/39pFrrP
※現在iPhoneでのみご利用いただけます。

アプリを開きますと新規登録ボタンがございます。
※ご登録にはご自身のInstagramアカウントをビジネス設定にし、
 Facebookアカウンとページを用いてアプリと連携させる『Facebook認証』が必要となります。

新規登録後、審査がございますことご了承くださいませ。

※ソフトバンクをご使用されている方へ
ご登録の際に「softbank.ne.jp」ですと文字化けしてしまいます。
「i.softbank.jp」もしくはPCメールアドレスをご登録ください。

 Facebook認証に関してご不明点等ございましたら、お問い合わせくださいませ。 
お手数おかけいたしますが、よろしくお願いいたします。",,
お友達,友人/友達のことについてお問い合わせやご連絡があった場合,,"こちらからご連絡はせずに、ご本人から直接ご連絡いただくようにお願いする。ご連絡の内容に応じて文言変更してください
悩んだ場合はリデルさんにご相談お願いします。",,"【お問い合わせいただいた内容について】

いつも大変お世話になっております。
INFLUFECT運営事務局です。

ご連絡ありがとうございます。

お問い合わせ内容につきましては、ご本人さまより直接ご連絡いただけますでしょうか？

詳しくヒアリングなどを行わせていただきますので、下記LINEよりご連絡いただくようお伝えいただけますと幸いです。
LINE URL：https://lin.ee/abGEvrS

お手数おかけいたしますが、どうぞよろしくお願いいたします。",,
,インフルエンサー（友人・知人）を紹介したい,,ご本人にアプリから登録いただく,,"【お問い合わせいただいた内容について】

いつも大変お世話になっております。
INFLUFECT運営事務局です。

お問い合わせありがとうございます。

ご紹介いただけるとのこと、誠にありがとうございます。
恐れ入りますがご紹介による優遇などはなく、通常通りの登録ステップを踏んでいただくこととなります。

INFLUFECTアプリから直接ご登録いただくようお伝えいただけますと幸いです。
新規登録後、審査がございますことご了承くださいませ。

◇INFLUFECTアプリ
App Store：https://x.gd/gk35j
Google Play： https://x.gd/VW9B8

また、こちらのLINEにてご紹介いただける方のSNSアカウントを事前にご共有いただけますと幸いです。

ご不明な点等ございましたら、ご連絡ください。
お手数おかけいたしますが、よろしくお願いいたします。",,
インボイス,インボイスの登録ができているか,,"IFF登録がない場合：「フォームの回答 1」で確認
（シートはリアルタイム反映）
①登録あり　②登録なし",,"【お問い合わせいただいた内容について】

いつも大変お世話になっております。
INFLUFECT運営事務局です。

お問い合わせありがとうございます。

確認を行ったところ、インボイス発行事業者としてフォームより情報登録いただいております。

またご不明点などございましたらお気軽にご連絡くださいませ。
よろしくお願いいたします。","【お問い合わせいただいた内容について】 

いつも大変お世話になっております。 
INFLUFECT運営事務局です。 

お問い合わせありがとうございます。

確認を行ったところ、インボイス発行事業者として登録いただいておりませんでした。

制度導入後の振込金額等の詳細確認や、番号の共有は以下URLよりお願いいたします。 https://www.notion.so/liddell/fe1acd8137f647968bfef228e7087fe3 

※インボイスについて検討中・申請中の場合は、その旨をご連絡ください。
その上、番号が分かり次第、フォームのご入力をお願いいたします。 

※入力がない場合や請求書の提出がない場合、インボイス発行事業者としての登録がないものとして取り扱われますので、ご留意ください。 インボイス発行事業者に関する登録については、皆様に判断いただく形をとっておりますので、状況に応じて、最適な選択をご検討いただければ幸いです。 

ご不明点やご質問がございましたら、お気軽にお問い合わせください。",
,,,"IFF登録がある場合：管理画面「IF自身の情報」⇒「振込口座情報」⇒「適格事業者番号」に番号が入っているか確認
①登録あり　②登録なし",,"【お問い合わせいただいた内容について】

いつも大変お世話になっております。
INFLUFECT運営事務局です。

お問い合わせありがとうございます。

確認を行ったところ、インボイス発行事業者としてアプリより登録いただいております。

またご不明点などございましたらお気軽にご連絡くださいませ。
よろしくお願いいたします。","【お問い合わせいただいた内容について】

いつも大変お世話になっております。
INFLUFECT運営事務局です。

お問い合わせありがとうございます。

確認を行ったところ、インボイス発行事業者としてアプリより登録いただいておりませんでした。

◇INFLUFECTアプリ
マイページの「振込口座」→「適格事業者番号」
にご登録をお願いいたします。

※インボイスについて検討中・申請中の場合は、その旨をご連絡ください。その上、番号が分かり次第、フォームのご入力をお願いいたします。
※入力がない場合や請求書の提出がない場合、インボイス発行事業者としての登録がないものとして取り扱われますので、ご留意ください。

インボイス発行事業者に関する登録については、皆様に判断いただく形をとっておりますので、状況に応じて、最適な選択をご検討いただければ幸いです。

ご不明点やご質問がございましたら、お気軽にお問い合わせください。",
,法人口座なのですがインボイスはどうしたらいいですか？,,,,"【お問い合わせいただいた内容について】

いつも大変お世話になっております。
INFLUFECT運営事務局です。

お問い合わせありがとうございます。

インボイス番号を取得するか否かは、皆様にご判断いただく形をとっております。

下記リンクに詳細をまとめておりますので、ご確認いただけますと幸いです。
https://www.notion.so/liddell/fe1acd8137f647968bfef228e7087fe3

※尚、法人口座の場合はインボイスご登録の有無に関わらず源泉所得税の差し引きはございません。

ご確認のほどよろしくお願いいたします。",,
芸能事務所からの営業連絡があった場合,,,"①ヒアリング（LIDDELLさま文言確認必須）　②ご返信

インフルエンサーやタレントが在籍している芸能事務所からのご連絡があったらヒアリングを行い、下記に情報を格納する
1．資料：事務所一覧_資料フォルダに格納
2．情報：インフルエンサーリスト集約シートに入力（A～H列）","■毎月末に、事務所リストを更新した際は下記テンプレでLDLさんへ報告
※リモ情報共有用_spiritチャンネル直下で投下
※リストの更新がない場合は報告不要
＝＝＝＝＝＝＝＝＝＝＝＝
@LIDDELL 石橋慧樹/keijyu ishibashi @LIDDELL 三浦 未愛 / Miu Miura @LIDDELL 指田 コロナ/Corona Sashida @LIDDELL 小林 桃佳 / Momoka Kobayashi cc : @LIDDELL 菅 千亜紀/Chiaki.Suga @LIDDELL 曽我 悠佑 / Yusuke Soga 
お疲れ様です。
今月の事務所の登録は◯件となります。
URL : ~~~~~~~~~~~~
お手すきの際にご確認ください。

何卒、よろしくお願いいたします。","※メールでのご連絡の場合は赤字削除
【お問い合わせいただいた内容について】

お世話になっております。
INFLUFECT運営事務局です。

お問い合わせありがとうございます。

今後親和性の良い案件がある場合はご相談させていただきたく存じます。

つきましては下記についてご共有いただけますと幸いです。

①お仕事をご依頼する際の連絡窓口
ご担当者名／連絡先(TEL)／メールアドレス
※本LINEからのご連絡で問題ない場合はその旨ご記載ください

②所属タレントに関するリストや資料

何卒よろしくお願いいたします。","【お問い合わせいただいた内容について】

いつも大変お世話になっております。
INFLUFECT運営事務局です。

ご返信いただきありがとうございます。

ご案内できる案件がございましたら、ぜひご依頼させていただきます。
よろしくお願いいたします。",
SPIRITアプリ,SPIRITは削除していいですか,,,,"【お問い合わせいただいた内容について】

いつも大変お世話になっております。
INFLUFECT運営事務局です。

お問い合わせありがとうございます。

SPIRITアプリにつきましては、お客様のご判断でアンインストールしていただいて問題ございません

ご確認のほどよろしくお願いいたします。",,